<?xml version="1.0" encoding="UTF-8" ?>
<!DOCTYPE mapper
  PUBLIC "-//mybatis.org//DTD Mapper 3.0//EN"
  "http://mybatis.org/dtd/mybatis-3-mapper.dtd">
<mapper namespace="hi.pizza.world.bbs.BbsDao">

	<resultMap type="BbsVo" id="bbsMap">
		<id property="bbsNo" column="bbs_no" />
		<result property="bbsTitle" column="bbs_title" />
		<result property="bbsContent" column="bbs_content" />
		<result property="bbsWriter" column="bbs_writer" />
		<result property="bbsRegDate" column="bbs_reg_date" />
		<result property="bbsCount" column="bbs_count" />
		
	<collection property="attachList" ofType="AttachVo">
			<result property="attNo" column="att_no" />
			<result property="attOrgName" column="att_org_name" />
			<result property="attNewName" column="att_new_name" />
			<result property="attBbsNo" column="att_bbs_no" />
	</collection>
	
	</resultMap>

	<select id="selectBbsList" resultType="BbsVo">
		SELECT bbs_no,bbs_title, bbs_writer, bbs_reg_date, bbs_count FROM bbs
	</select>

	<select id="selectBbs" parameterType="int" resultMap="bbsMap">
		SELECT
		bbs_no, bbs_title, bbs_content, bbs_writer, bbs_reg_date, bbs_count,
		att_no, att_org_name, att_new_name,att_bbs_no
		FROM bbs left join attach
		on bbs_no=att_bbs_no
		where bbs_no=#{bbsNo}
	</select>

	<insert id="insertBbs" parameterType="BbsVo">
		<!-- insert 문을 수행하기 전(BEFORE)에 selectKey의 SQL문을 실행하고, -->
		<!-- 결과로 나오는 int 값을 파라미터 객체(BbsVo)의 bbsNo 속성(변수)에 저장 -->
		<selectKey keyProperty="bbsNo" resultType="int"
			order="BEFORE">
			select seq_bbs_no.NEXTVAL from dual
		</selectKey>
		INSERT INTO bbs(bbs_no, bbs_title, bbs_content, bbs_writer)
		values(#{bbsNo},#{bbsTitle},#{bbsContent},#{bbsWriter})
	</insert>

	<update id="updateBbs" parameterType="BbsVo">
		UPDATE bbs set bbs_title
		=#{bbsTitle}, bbs_content =#{bbsContent} where bbs_no =#{bbsNo}
	</update>

	<delete id="deleteBbs" parameterType="int">
		DELETE FROM bbs WHERE
		bbs_no=#{bbsNo}
	</delete>

	<!-- <select id="selectloginMember" -->
	<!-- parameterType="kr.ac.kopo.bbs.BbsVo" -->
	<!-- resultType="kr.ac.kopo.bbs.BbsVo"> -->
	<!-- SELECT mem_id as memId, mem_pass as memPass, mem_name as memName, mem_point -->
	<!-- as memPoint -->
	<!-- FROM MEMBER -->
	<!-- WHERE mem_id = #{memId} and mem_pass = #{memName} -->
	<!-- </select> -->


</mapper>